{"schemaVersion":"1.0","appDefinitionTemplate":{"id":"/providers/Microsoft.PowerApps/apps/","type":"Microsoft.PowerApps/apps","tags":{"primaryDeviceWidth":"640","primaryDeviceHeight":"1136","sienaVersion":"20200914T133455Z-3.20085.19.0","deviceCapabilities":"","supportsPortrait":"true","supportsLandscape":"false","primaryFormFactor":"Phone","publisherVersion":"3.20085.19","minimumRequiredApiVersion":"2.2.0","hasComponent":"false","hasUnlockedComponent":"false","isUnifiedRootApp":"false"},"properties":{"appVersion":"2020-09-14T13:34:55Z","lifeCycleId":"Published","createdByClientVersion":{"major":3,"minor":20085,"build":19,"revision":0,"majorRevision":0,"minorRevision":0},"minClientVersion":{"major":3,"minor":20085,"build":19,"revision":0,"majorRevision":0,"minorRevision":0},"backgroundColor":"rgba(0, 176, 240, 1)","backgroundImageUri":"/10699234906789059947/N52ef4c76-384e-4bc8-823f-320e44ebdc5d-logoSmallFile","displayName":"Public Transportation Booking App","description":"Allows people to book physically distanced seats on public transport during peak times, in order to encourage safe use of public transportation facilities.","commitMessage":"","appUris":{"documentUri":{"value":"/10699234906789059947/N126b1acd-7cce-41a6-a30a-da4c28997370-document.msapp","readonlyValue":"/10699234906789059947/N126b1acd-7cce-41a6-a30a-da4c28997370-document.msapp"},"imageUris":[]},"createdTime":"0001-01-01T00:00:00Z","lastModifiedTime":"0001-01-01T00:00:00Z","sharedGroupsCount":0,"sharedUsersCount":0,"icons":{"smallIconUri":"/10699234906789059947/N4b003c2d-5a05-4c75-8558-edbed98e174c-small.png","mediumIconUri":"/10699234906789059947/N189ee6b2-bf1c-4ff8-9a94-2b58bf71fecd-medium.png","largeIconUri":"/10699234906789059947/Nce13963b-5ce4-473d-a373-b78bb1914eae-large.png","wideIconUri":"/10699234906789059947/N116394aa-10ff-433f-9984-8f33cfd6c5de-wide.png"},"connectionReferences":{},"databaseReferences":{"default.cds":{"databaseDetails":{"referenceType":"Environmental","environmentName":"default.cds"},"dataSources":{"Booking Changes":{"entitySetName":"msdyn_bookingchanges","logicalName":"msdyn_bookingchange"},"Web Forms":{"entitySetName":"adx_webforms","logicalName":"adx_webform"}}}},"almMode":"Environment","performanceOptimizationEnabled":true,"canConsumeAppPass":true},"isAppComponentLibrary":false,"appType":"ClassicCanvasApp","appComponents":[]}}