{"schemaVersion":"1.0","appDefinitionTemplate":{"id":"/providers/Microsoft.PowerApps/apps/","type":"Microsoft.PowerApps/apps","tags":{"primaryDeviceWidth":"640","primaryDeviceHeight":"1136","sienaVersion":"20200913T064918Z-3.20085.19.0","deviceCapabilities":"","supportsPortrait":"true","supportsLandscape":"false","primaryFormFactor":"Phone","publisherVersion":"3.20085.19","minimumRequiredApiVersion":"2.2.0","hasComponent":"false","hasUnlockedComponent":"false","isUnifiedRootApp":"false"},"properties":{"appVersion":"2020-09-13T06:49:18Z","lifeCycleId":"Published","createdByClientVersion":{"major":3,"minor":20085,"build":19,"revision":0,"majorRevision":0,"minorRevision":0},"minClientVersion":{"major":3,"minor":20085,"build":19,"revision":0,"majorRevision":0,"minorRevision":0},"backgroundColor":"rgba(0, 176, 240, 1)","backgroundImageUri":"/10699234906789059947/N9df25ab5-be9c-4020-95fb-0d00f9874723-logoSmallFile","displayName":"Public Transportation Booking App","description":"Allows people to book physically distanced seats on public transport during peak times, in order to encourage safe use of public transportation facilities.","commitMessage":"","appUris":{"documentUri":{"value":"/10699234906789059947/Nefc71e71-adfd-42e1-85b7-df3aaa23d7f4-document.msapp","readonlyValue":"/10699234906789059947/Nefc71e71-adfd-42e1-85b7-df3aaa23d7f4-document.msapp"},"imageUris":[]},"createdTime":"0001-01-01T00:00:00Z","lastModifiedTime":"0001-01-01T00:00:00Z","sharedGroupsCount":0,"sharedUsersCount":0,"icons":{"smallIconUri":"/10699234906789059947/Nbeabb487-7d2c-419c-bc38-833af5beac68-small.png","mediumIconUri":"/10699234906789059947/Ndda35948-f34e-463c-b10e-528c8fd1688b-medium.png","largeIconUri":"/10699234906789059947/N21668afe-6680-4a25-830c-c9d5fd7f96d0-large.png","wideIconUri":"/10699234906789059947/N64040193-8c06-4528-b711-d844404d4916-wide.png"},"connectionReferences":{},"databaseReferences":{},"almMode":"Environment","performanceOptimizationEnabled":true,"canConsumeAppPass":true},"isAppComponentLibrary":false,"appType":"ClassicCanvasApp","appComponents":[]}}